Workbook

Sheet dashboard
B2: PERFORMANCE QUOTIDIENNE - ATELIER OVALE Suivi de la performance par machine, objectifs, résultats et tendances | P2: DATE 20/06/2026 | Q2: ÉQUIPE: MATIN / SOIR / NUIT
P3: SEMAINE: 27 | Q3: MISE Á JOUR: 8H00
C4: MACHINE | D4: OBJECTIF (%) | E4: LUNDI | G4: MARDI | H4: MERCREDI | J4: JEUDI | K4: VENDREDI | L4: MOYENNE SEMAINE (%) | N4: ÉCART VS OBJECTIF (pts) | P4: VS SEMAINE PRECEDENTE (pts) | Q4: STATUT
B5: FIABILITE CONDITIONNEMENT (%)
C6: M | D6: 0.65 | E6: 0.67 | G6: 0.55 | H6: 0.61 | J6: 0.74 | K6: 0.64 | L6: =AVERAGE(D6:K6) -> 0.64333333 | N6: =(L6-D6)*100 -> -0.66666667 | P6: 1.5 | Q6: =IF(N6>=0,"CONFORME",IF(N6>=-3,"SOUS CONTRÔLE","ACTION IMMÉDIATE")) -> SOUS CONTRÔLE
C7: E | D7: 0.67 | E7: 0.46 | G7: 0.66 | H7: 0.68 | J7: 0.71 | K7: 0.69 | L7: =AVERAGE(D7:K7) -> 0.645 | N7: =(L7-D7)*100 -> -2.5 | P7: 0.8 | Q7: =IF(N7>=0,"CONFORME",IF(N7>=-3,"SOUS CONTRÔLE","ACTION IMMÉDIATE")) -> SOUS CONTRÔLE
C8: XY | D8: 0.55 | E8: 0.41 | G8: 0.31 | H8: 0.55 | J8: 0.6 | K8: 0.43 | L8: =AVERAGE(D8:K8) -> 0.475 | N8: =(L8-D8)*100 -> -7.5 | P8: -2.1 | Q8: =IF(N8>=0,"CONFORME",IF(N8>=-3,"SOUS CONTRÔLE","ACTION IMMÉDIATE")) -> ACTION IMMÉDIATE
C9: Z | D9: 0.65 | E9: 0.6 | G9: 0.55 | H9: 0.54 | J9: 0.64 | K9: 0.57 | L9: =AVERAGE(D9:K9) -> 0.59166667 | N9: =(L9-D9)*100 -> -5.8333333 | P9: 0.5 | Q9: =IF(N9>=0,"CONFORME",IF(N9>=-3,"SOUS CONTRÔLE","ACTION IMMÉDIATE")) -> ACTION IMMÉDIATE
C10: C 1 | D10: 0.72 | E10: 0.61 | G10: 0.68 | H10: 0.61 | J10: 0.71 | K10: 0.55 | L10: =AVERAGE(D10:K10) -> 0.64666667 | N10: =(L10-D10)*100 -> -7.3333333 | P10: 1.2 | Q10: =IF(N10>=0,"CONFORME",IF(N10>=-3,"SOUS CONTRÔLE","ACTION IMMÉDIATE")) -> ACTION IMMÉDIATE
C11: C 2 | D11: 0.65 | E11: 0.66 | G11: 0.43 | H11: 0.25 | J11: 0.21 | K11: 0.1 | L11: =AVERAGE(D11:K11) -> 0.38333333 | N11: =(L11-D11)*100 -> -26.666667 | P11: -0.3 | Q11: =IF(N11>=0,"CONFORME",IF(N11>=-3,"SOUS CONTRÔLE","ACTION IMMÉDIATE")) -> ACTION IMMÉDIATE
C12: MOYENNE ATELIER | D12: =AVERAGE(D6:D11) -> 0.64833333 | E12: =AVERAGE(E6:E11) -> 0.56833333 | G12: =AVERAGE(G6:G11) -> 0.53 | H12: 0.49 | J12: =AVERAGE(J6:J11) -> 0.60166667 | K12: =AVERAGE(K6:K11) -> 0.49666667 | L12: =AVERAGE(D12:K12) -> 0.55583333 | N12: =(L12-D12)*100 -> -9.25 | P12: 6 | Q12: =IF(N12>=0,"CONFORME",IF(N12>=-3,"SOUS CONTRÔLE","ACTION IMMÉDIATE")) -> ACTION IMMÉDIATE
B14: INDICATEURS CLÉS
B15: OBJECTIF ATELIER | E15: =D12 -> 0.64833333
B16: CETTE SEMAINE | E16: =L12 -> 0.55583333
B17: SEMAINE N-1 | E17: =K12 -> 0.49666667
B18: EVOLUTION | E18: 6
D20: COMMENTAIRES | K20: ACTIONS PRIOTAIRES | P20: LEGENDE STATUT
D21: ① Performance atelier (56,6 %), en progression. | K21: ① C 2 : traiter les causes majeures. | P21: CONFORME | Q21: Écart ≥ 0 pt
D22: ② C 2 représente à lui seul 53 % de l'écart. | K22: ② XY : fiabiliser les réglages. | P22: SOUS CONTRÔLE | Q22: ECART ENTRE : 0 > Écart > -5 pts
D23: ③ XY et C 1 portent le cumul à 82 %. | K23: ③ C 1 & Z : renforcer le suivi. | P23: ACTION IMMEDIATE | Q23: Écart ≤ -5 pts
D24: ④ M et E restent les équipements les plus performants. | K24: ④ M & E : déployer les bonnes pratiques.
B26: NOTRE OBJECTIF: ATTEINDRE ET MAINTENIR 65% DE FIABILITE DE CONDITIONNEMENT

Sheet params
A1: MACHINES | B1: CONTRIBUTIONS | C1: CUMUL | D1: PARETO
A2: =dashboard!C11 -> C 2 | B2: =IF(SUMPRODUCT(ABS(dashboard!$N$6:$N$11))=0,0,ABS(dashboard!N11)/SUMPRODUCT(ABS(dashboard!$N$6:$N$11))) -> 0.52805281 | C2: =ABS(B2)/SUMPRODUCT(ABS($B$2:$B$7)) -> 0.52805281 | D2: 0.8
A3: =dashboard!C8 -> XY | B3: =IF(SUMPRODUCT(ABS(dashboard!$N$6:$N$11))=0,0,ABS(dashboard!N8)/SUMPRODUCT(ABS(dashboard!$N$6:$N$11))) -> 0.14851485 | C3: =SUM($B$2:B3) -> 0.67656766 | D3: 0.8
A4: =dashboard!C10 -> C 1 | B4: =IF(SUMPRODUCT(ABS(dashboard!$N$6:$N$11))=0,0,ABS(dashboard!N10)/SUMPRODUCT(ABS(dashboard!$N$6:$N$11))) -> 0.14521452 | C4: =SUM($B$2:B4) -> 0.82178218 | D4: 0.8
A5: =dashboard!C9 -> Z | B5: =IF(SUMPRODUCT(ABS(dashboard!$N$6:$N$11))=0,0,ABS(dashboard!N9)/SUMPRODUCT(ABS(dashboard!$N$6:$N$11))) -> 0.11551155 | C5: =SUM($B$2:B5) -> 0.93729373 | D5: 0.8
A6: =dashboard!C7 -> E | B6: =IF(SUMPRODUCT(ABS(dashboard!$N$6:$N$11))=0,0,ABS(dashboard!N7)/SUMPRODUCT(ABS(dashboard!$N$6:$N$11))) -> 0.04950495 | C6: =SUM($B$2:B6) -> 0.98679868 | D6: 0.8
A7: =dashboard!C6 -> M | B7: =IF(SUMPRODUCT(ABS(dashboard!$N$6:$N$11))=0,0,ABS(dashboard!N6)/SUMPRODUCT(ABS(dashboard!$N$6:$N$11))) -> 0.01320132 | C7: =SUM($B$2:B7) -> 1 | D7: 0.8

Sheet data
A2: S14 | B2: 63 | C2: 61
A3: S15 | B3: 64 | C3: 61
A4: S16 | B4: 65 | C4: 61
A5: S17 | B5: 71 | C5: 61
A6: S18 | B6: 72 | C6: 61
A7: S19 | B7: 73 | C7: 61
A8: S20 | B8: 64 | C8: 61
A9: S21 | B9: 61 | C9: 61
A10: S22 | B10: 62 | C10: 61
A11: S23 | B11: 56 | C11: 61
A12: S24 | B12: 50 | C12: 61
A13: S25 | B13: 62 | C13: 61
A14: S26 | B14: 81 | C14: 61
